country,iso3,Arrivals total,Departures total,Arrivals full-freight,Departures full-freight,Arrivals belly,Departures belly,Cargo-in full freight (tons),Cargo-out full freight (tons),Cargo-in belly (tons),Cargo-out belly (tons),Fashion_en_textiel_fraction_in,Industrie_en_materialen_fraction_in,Low_value_bulk_fraction_in,Machines_en_elektronica_fraction_in,Overig_fraction_in,Perishables_fraction_in,Pharma_fraction_in,Transport_fraction_in,Fashion_en_textiel_fraction_out,Industrie_en_materialen_fraction_out,Low_value_bulk_fraction_out,Machines_en_elektronica_fraction_out,Overig_fraction_out,Perishables_fraction_out,Pharma_fraction_out,Transport_fraction_out,Fashion_en_textiel_eur_per_ton_in,Fashion_en_textiel_eur_per_ton_out,Industrie_en_materialen_eur_per_ton_in,Industrie_en_materialen_eur_per_ton_out,Low_value_bulk_eur_per_ton_in,Low_value_bulk_eur_per_ton_out,Machines_en_elektronica_eur_per_ton_in,Machines_en_elektronica_eur_per_ton_out,Overig_eur_per_ton_in,Overig_eur_per_ton_out,Perishables_eur_per_ton_in,Perishables_eur_per_ton_out,Pharma_eur_per_ton_in,Pharma_eur_per_ton_out,Transport_eur_per_ton_in,Transport_eur_per_ton_out
Albania,ALB,125,125,0,0,125,125,0.0,0.0,1073.4000000000003,1073.4000000000003,0.08856088560885607,0.051660516605166046,0.014760147601476013,0.46125461254612543,0.09594095940959409,0.19188191881918817,0.05535055350553505,0.04059040590405903,0.04808743169398907,0.1519125683060109,0.021857923497267756,0.08306010928961748,0.05464480874316939,0.45464480874316937,0.16612021857923495,0.019672131147540982,27.208333333333332,43.04545454545455,14.571428571428571,40.92086330935252,22.5,12.85,61.88799999999999,127.65789473684211,14.576923076923078,27.880000000000003,8.326923076923077,58.67067307692307,12.933333333333334,128.80921052631578,43.45454545454545,75.0
Angola,AGO,134,135,0,0,134,135,0.0,0.0,5386.799999999998,5426.999999999998,0.00432401268377054,0.010665897953300665,0.0025944076102623237,0.04987027961948689,0.01210723551455751,0.9169789564716057,0.0014413375612568466,0.002017872585759585,0.07305194805194805,0.17337662337662338,0.02922077922077922,0.16201298701298703,0.033766233766233764,0.24155844155844158,0.22759740259740258,0.059415584415584415,18.2,29.115555555555556,15.486486486486488,24.94194756554307,1.888888888888889,14.177777777777777,61.38728323699422,88.57915831663325,8.071428571428573,11.730769230769232,5.030807922037096,20.758064516129032,37.4,67.03138373751783,72.85714285714286,39.54098360655738
Argentina,ARG,386,490,52,156,334,334,5720.0,16120.0,10728.199999999995,10748.799999999996,0.009108653220559532,0.007807417046193884,0.0032530904359141183,0.07221860767729343,0.00520494469746259,0.8763825634352636,0.011060507482108002,0.014964216005204945,0.01217391304347826,0.17217391304347826,0.017391304347826087,0.057391304347826085,0.03304347826086956,0.25043478260869567,0.3130434782608696,0.1443478260869565,27.857142857142858,40.57142857142857,23.166666666666668,36.42929292929293,11.2,16.3,69.51351351351352,102.51515151515152,26.625,19.63157894736842,11.57238307349666,48.80555555555556,40.588235294117645,305.0416666666667,1789.8695652173913,51.6566265060241
Austria,AUT,4346,4347,0,0,4346,4347,0.0,0.0,32489.900000000005,32519.500000000007,0.3370165745856354,0.01657458563535912,0.19060773480662985,0.01657458563535912,0.10220994475138123,0.287292817679558,0.03038674033149172,0.019337016574585638,0.01785714285714286,0.011904761904761904,0.05952380952380952,0.5595238095238095,0.16071428571428573,0.02976190476190476,0.125,0.03571428571428572,35.704918032786885,77.66666666666666,30.0,20.0,5.521739130434782,10.9,102.16666666666666,143.7127659574468,67.45945945945945,56.370370370370374,13.317307692307695,46.6,302.6363636363636,278.4761904761905,240.42857142857142,295.3333333333333
Azerbaijan,AZE,264,192,264,192,0,0,34800.0,25800.0,0.0,0.0,0.0885608856088561,0.05166051660516605,0.014760147601476014,0.46125461254612543,0.0959409594095941,0.1918819188191882,0.05535055350553506,0.04059040590405904,0.048087431693989074,0.15191256830601094,0.02185792349726776,0.08306010928961749,0.054644808743169404,0.4546448087431694,0.16612021857923498,0.019672131147540982,27.208333333333336,43.04545454545455,14.571428571428573,40.92086330935253,22.5,12.850000000000001,61.888000000000005,127.65789473684211,14.576923076923077,27.880000000000003,8.326923076923077,58.67067307692307,12.933333333333332,128.8092105263158,43.45454545454545,75.00000000000001
Bangladesh,BGD,50,0,50,0,0,0,5500.0,0.0,0.0,0.0,0.32781698710148455,0.05828668775857873,0.03352397176928693,0.25906546605013386,0.02494524215137503,0.1202238987588221,0.14894134825991726,0.02719639815040156,0.0,0.0,0.0,0.0,0.0,0.0,0.0,0.0,26.76707498144024,,35.4446764091858,,89.17059891107078,,168.82855800845468,,71.25121951219512,,15.547064777327934,,100.93709150326798,,36.666666666666664,
Belarus,BLR,343,341,0,0,343,341,0.0,0.0,2600.8,2594.0,0.08856088560885608,0.05166051660516605,0.014760147601476014,0.46125461254612543,0.09594095940959409,0.19188191881918817,0.055350553505535055,0.04059040590405904,0.048087431693989074,0.15191256830601094,0.02185792349726776,0.08306010928961749,0.0546448087431694,0.45464480874316937,0.16612021857923498,0.019672131147540985,27.208333333333336,43.04545454545454,14.57142857142857,40.92086330935252,22.5,12.85,61.888000000000005,127.65789473684211,14.576923076923078,27.88,8.326923076923078,58.67067307692308,12.933333333333334,128.80921052631578,43.45454545454545,75.0
Belgium,BEL,1826,1805,26,5,1800,1800,1690.0,500.0,5433.5,5435.7,0.0,0.05555555555555556,0.6666666666666666,0.05555555555555556,0.0,0.20370370370370375,0.01851851851851852,0.0,0.05660377358490566,0.16981132075471697,0.03773584905660377,0.05660377358490566,0.13207547169811323,0.4339622641509434,0.07547169811320754,0.03773584905660377,,51.33333333333333,27.0,25.666666666666668,4.750000000000001,15.5,213.0,124.99999999999999,,19.857142857142854,12.09090909090909,32.43478260869565,67.0,221.5,,93.5
Brazil,BRA,1234,1129,478,364,756,765,52679.600000000006,37960.0,20247.599999999995,20398.7,0.02639242810338551,0.057699308336366946,0.006188569348380051,0.08081543502002184,0.012013105205678923,0.6998543866035676,0.03640334910811795,0.08063341827448126,0.011612903225806452,0.22267281105990783,0.025253456221198158,0.020460829493087557,0.022857142857142857,0.19797235023041473,0.18617511520737326,0.3129953917050691,28.744827586206895,36.3968253968254,30.126182965299684,27.233443708609272,17.470588235294116,21.21167883211679,150.8310810810811,103.2072072072072,17.393939393939394,22.024193548387096,4.254616384915475,42.15270018621974,17.965,345.7227722772277,676.7697516930023,35.945818610129564
Bulgaria,BGR,713,593,0,0,713,593,0.0,0.0,5850.400000000001,4804.7,0.33701657458563533,0.016574585635359115,0.19060773480662982,0.016574585635359115,0.10220994475138122,0.28729281767955805,0.030386740331491715,0.019337016574585635,0.017857142857142856,0.011904761904761906,0.05952380952380952,0.5595238095238095,0.16071428571428573,0.02976190476190476,0.125,0.03571428571428571,35.704918032786885,77.66666666666667,30.0,20.0,5.521739130434783,10.9,102.16666666666667,143.7127659574468,67.45945945945945,56.370370370370374,13.317307692307692,46.60000000000001,302.6363636363636,278.4761904761905,240.42857142857142,295.3333333333333
Cape Verde,CPV,52,52,0,0,52,52,0.0,0.0,689.0000000000002,689.0000000000002,0.00432401268377054,0.010665897953300665,0.0025944076102623237,0.049870279619486896,0.012107235514557512,0.9169789564716058,0.0014413375612568466,0.002017872585759585,0.07305194805194805,0.17337662337662338,0.02922077922077922,0.162012987012987,0.03376623376623377,0.24155844155844153,0.22759740259740258,0.059415584415584415,18.2,29.115555555555552,15.486486486486486,24.94194756554307,1.8888888888888886,14.177777777777777,61.387283236994215,88.57915831663327,8.071428571428571,11.73076923076923,5.030807922037095,20.758064516129032,37.4,67.03138373751783,72.85714285714286,39.540983606557376
Canada,CAN,2311,2310,116,116,2195,2194,7400.799999999999,7400.799999999999,67950.7,67931.1,0.045719982908417604,0.0838911835920809,0.08958837772397095,0.3942458339267911,0.03603475288420453,0.11138014527845036,0.2117931918530124,0.027346531833072212,0.06072922893006575,0.11285116557083084,0.015899581589958158,0.10950388523610281,0.030484160191273164,0.5268380155409444,0.11392707710699343,0.02976688583383144,49.69470404984423,68.25,34.225806451612904,28.80826271186441,8.359300476947535,20.601503759398497,137.0700867052023,105.91048034934498,47.73517786561265,21.525490196078433,23.103580562659847,27.79192194236442,54.70141223940821,324.35466946484786,474.7447916666667,520.4578313253012
Chile,CHL,465,594,131,260,334,334,14480.2,26520.0,10728.199999999995,10748.799999999996,0.0019305592681695322,0.0005940182363598561,0.004692744067242864,0.0022572692981674535,0.0007722237072678129,0.9880305325373487,0.0013365410318096763,0.00038611185363390647,0.018152480839048003,0.17749092375958048,0.0326744655102864,0.029447357805566763,0.12182331585316661,0.2501008471157725,0.3085921742638161,0.06171843485276321,37.07692307692308,42.13333333333333,10.7,28.64090909090909,1.5379746835443038,18.814814814814817,58.44736842105263,86.86301369863013,27.84615384615385,22.403973509933774,10.69443275416341,43.80645161290323,15.555555555555555,166.22091503267973,64.61538461538463,226.16993464052288
China,CHN,4544,4353,2077,1884,2467,2469,213478.0,193764.0,73647.2,73733.9,0.45380278904163773,0.046711502324201355,0.004935219068341409,0.3490950450004945,0.09599446147759864,0.017851844525764014,0.01695183463554544,0.01465730392641677,0.038257413788766764,0.11447040772694117,0.039037150690444444,0.06169982644565737,0.07012601554443243,0.4415826143823729,0.1775033327464346,0.05732323867495032,14.234482608316625,83.17028270874424,43.26720304890959,43.3300373544276,116.9879759519038,36.58569587628866,275.7590730090376,179.90338361190376,21.259633216567074,32.74748923959828,26.960110803324103,18.04904306220096,45.19136522753792,141.96358225875017,148.03306342780027,277.9249670908293
Colombia,COL,1437,1138,400,104,1037,1034,44178.0,11440.0,25524.7,25462.1,0.011756500946497958,0.005081199561621999,0.0013948390953472153,0.004583042741855136,0.0013948390953472153,0.975391053103517,0.00029889409186011756,9.963136395337252e-05,0.025338833235120803,0.10489098408956983,0.13553329404832057,0.032999410724808484,0.012374779021803181,0.34236888626988804,0.2846199175014732,0.06187389510901591,36.389830508474574,138.41860465116278,8.568627450980392,32.01123595505618,5.714285714285714,11.491304347826087,141.84782608695653,66.26785714285714,9.5,26.80952380952381,7.969254341164453,26.416523235800344,40.666666666666664,249.45341614906832,116.0,23.942857142857143
Costa Rica,CRI,113,113,0,0,113,113,0.0,0.0,4542.599999999999,4542.599999999999,0.02859931673987311,0.03465104929233773,0.0230356271351879,0.32210834553440704,0.04938994631527575,0.4671547096144461,0.06793557833089313,0.007125427037579307,0.021734755484000803,0.16663312537733949,0.019319782652445158,0.02596095793922318,0.04226202455222378,0.41859529080297847,0.224391225598712,0.08110283759307707,34.337883959044376,55.870370370370374,21.48169014084507,26.705314009661834,29.33050847457627,19.03125,345.0496969696969,121.50387596899223,18.50395256916996,25.166666666666668,12.510029251984957,52.23413461538461,51.43390804597701,164.80896860986547,136.16438356164386,91.84367245657567
Croatia,HRV,1163,1161,0,0,1163,1161,0.0,0.0,6937.3,6921.3,0.33701657458563533,0.016574585635359112,0.1906077348066298,0.016574585635359112,0.1022099447513812,0.28729281767955794,0.030386740331491708,0.01933701657458563,0.01785714285714286,0.011904761904761906,0.059523809523809534,0.5595238095238096,0.16071428571428573,0.029761904761904767,0.12500000000000003,0.03571428571428572,35.704918032786885,77.66666666666667,30.0,20.0,5.521739130434782,10.9,102.16666666666667,143.7127659574468,67.45945945945945,56.37037037037037,13.317307692307693,46.599999999999994,302.6363636363636,278.4761904761905,240.42857142857142,295.3333333333333
Cuba,CUB,352,352,0,0,352,352,0.0,0.0,13820.899999999998,13820.899999999998,0.01273190251000364,0.01345943979628956,0.0036376864314296114,0.11458712259003276,0.010185522008002912,0.8279374317933795,0.004365223717715533,0.013095671153146601,0.029532800774630837,0.13192931493585086,0.04526748971193415,0.016945049624788183,0.055918663761801005,0.5541031227305737,0.12127814088598401,0.045025417574437177,32.82857142857143,24.721311475409834,14.405405405405407,24.03119266055046,2.5,5.737967914438503,92.8920634920635,53.94285714285714,11.178571428571429,17.402597402597404,1.101493848857645,12.747487986020095,35.166666666666664,98.54091816367264,2603.277777777778,242.24193548387098
Cyprus,CYP,294,293,0,0,294,293,0.0,0.0,2592.4000000000005,2585.1000000000004,0.2280130293159609,0.09011943539630836,0.1520086862106406,0.24538545059717698,0.04343105320304017,0.13137893593919653,0.08469055374592833,0.0249728555917481,0.11538461538461535,0.025083612040133773,0.07357859531772575,0.4180602006688962,0.10367892976588626,0.21237458193979927,0.02341137123745819,0.02842809364548494,34.58571428571428,190.60869565217394,98.26506024096386,170.8,6.521428571428572,19.863636363636363,190.26991150442475,119.188,190.72500000000002,130.8709677419355,66.26446280991736,196.9448818897638,260.02564102564105,710.9285714285713,402.60869565217394,1303.1764705882354
Czech Republic,CZE,2782,2781,0,0,2782,2781,0.0,0.0,24951.0,24942.6,0.3370165745856354,0.016574585635359115,0.19060773480662985,0.016574585635359115,0.10220994475138122,0.287292817679558,0.030386740331491715,0.019337016574585635,0.01785714285714286,0.011904761904761904,0.05952380952380952,0.5595238095238095,0.1607142857142857,0.02976190476190476,0.125,0.03571428571428572,35.704918032786885,77.66666666666667,30.000000000000004,20.0,5.521739130434782,10.899999999999999,102.16666666666667,143.7127659574468,67.45945945945947,56.370370370370374,13.317307692307692,46.6,302.6363636363636,278.4761904761905,240.42857142857142,295.3333333333333
Denmark,DNK,5590,5596,0,6,5590,5590,0.0,618.0,36848.8,36849.100000000006,0.10216110019646366,0.15913555992141457,0.049115913555992145,0.2927308447937132,0.2043222003929273,0.06777996070726916,0.11591355599214147,0.008840864440078585,0.08719346049046323,0.12261580381471392,0.04087193460490464,0.14032697547683926,0.054495912806539516,0.24523160762942783,0.24114441416893737,0.0681198910081744,41.36538461538462,79.234375,14.555555555555555,45.13333333333333,21.26,26.100000000000005,94.38926174496643,152.3980582524272,20.89423076923077,79.15,13.391304347826086,22.705555555555556,112.92372881355932,203.83050847457628,94.44444444444444,149.78
Djibouti,DJI,4,0,4,0,0,0,413.8,0.0,0.0,0.0,0.0011900576096070105,0.0011900576096070105,0.0003245611662564574,0.0016768993589916965,0.0001622805831282287,0.9945365537013496,0.0001622805831282287,0.0007573093879317339,0.0,0.0,0.0,0.0,0.0,0.0,0.0,0.0,27.72727272727273,,11.522727272727273,,1.1666666666666667,,101.74193548387098,,13.166666666666666,,13.844660194174757,,25.333333333333332,,292.53571428571433,
Ecuador,ECU,1418,722,696,0,722,722,75696.8,0.0,33573.0,33573.0,0.001930559268169533,0.0005940182363598563,0.0046927440672428645,0.002257269298167454,0.000772223707267813,0.988030532537349,0.0013365410318096765,0.0003861118536339065,0.018152480839048003,0.17749092375958048,0.0326744655102864,0.029447357805566763,0.12182331585316661,0.2501008471157725,0.3085921742638161,0.06171843485276322,37.07692307692308,42.13333333333333,10.700000000000001,28.64090909090909,1.5379746835443038,18.814814814814817,58.44736842105263,86.86301369863014,27.846153846153847,22.40397350993377,10.69443275416341,43.806451612903224,15.555555555555555,166.22091503267973,64.61538461538463,226.16993464052288
Egypt,EGY,367,417,2,52,365,365,207.8,5720.0,4329.1,4329.1,0.26795096322241685,0.027145359019264455,0.1129597197898424,0.16112084063047288,0.017513134851138357,0.3826619964973731,0.010507880910683014,0.02014010507880911,0.028215223097112864,0.1515748031496063,0.05249343832020998,0.15485564304461943,0.05380577427821522,0.41863517060367456,0.12007874015748031,0.020341207349081368,30.029411764705884,30.906976744186046,29.35483870967742,26.05194805194805,3.2868217054263567,8.612499999999999,286.6902173913043,255.02966101694912,20.2,41.743902439024396,8.237986270022883,52.9576802507837,67.33333333333334,335.9071038251367,632.5217391304348,513.2258064516128
Estonia,EST,376,376,0,0,376,376,0.0,0.0,1266.9,1266.9,0.45454545454545453,0.0,0.0,0.5454545454545454,0.0,0.0,0.0,0.0,0.1225071225071225,0.07692307692307693,0.07692307692307693,0.019943019943019943,0.022792022792022793,0.6438746438746439,0.014245014245014245,0.022792022792022793,38.6,26.186046511627907,,33.37037037037037,,9.592592592592593,147.16666666666666,154.42857142857142,,41.25,,17.57079646017699,,293.8,,137.625
Ethiopia,ETH,2,0,2,0,0,0,206.0,0.0,0.0,0.0,0.0011900576096070105,0.0011900576096070105,0.0003245611662564574,0.0016768993589916965,0.0001622805831282287,0.9945365537013496,0.0001622805831282287,0.0007573093879317339,0.0,0.0,0.0,0.0,0.0,0.0,0.0,0.0,27.72727272727273,,11.522727272727273,,1.1666666666666667,,101.74193548387098,,13.166666666666666,,13.844660194174757,,25.333333333333332,,292.53571428571433,
Finland,FIN,2243,2244,0,0,2243,2244,0.0,0.0,12804.3,12812.7,0.10216110019646364,0.1591355599214145,0.04911591355599213,0.29273084479371314,0.20432220039292728,0.06777996070726915,0.11591355599214143,0.008840864440078583,0.08719346049046321,0.1226158038147139,0.04087193460490463,0.14032697547683926,0.05449591280653951,0.2452316076294278,0.24114441416893734,0.0681198910081744,41.36538461538461,79.234375,14.555555555555555,45.13333333333333,21.259999999999998,26.1,94.38926174496643,152.39805825242718,20.894230769230766,79.15,13.391304347826088,22.705555555555556,112.92372881355934,203.83050847457628,94.44444444444444,149.78
France,FRA,14757,14823,4,70,14753,14753,415.6,7272.999999999997,82200.50000000001,82185.20000000001,0.125,0.225,0.0,0.3,0.125,0.175,0.05,0.0,0.08571428571428572,0.13333333333333333,0.05714285714285714,0.23809523809523808,0.05714285714285714,0.24761904761904763,0.13333333333333333,0.047619047619047616,69.2,52.44444444444444,37.77777777777778,80.5,,9.0,185.75,40.8,52.6,50.0,9.285714285714286,38.92307692307692,175.0,289.99999999999994,,172.0
Gambia,GMB,148,147,0,0,148,147,0.0,0.0,1951.9,1906.8,0.004324012683770539,0.010665897953300663,0.0025944076102623237,0.04987027961948688,0.012107235514557509,0.9169789564716057,0.0014413375612568463,0.002017872585759585,0.07305194805194805,0.17337662337662335,0.029220779220779217,0.16201298701298697,0.033766233766233764,0.24155844155844153,0.22759740259740258,0.05941558441558441,18.2,29.115555555555556,15.486486486486488,24.941947565543074,1.8888888888888886,14.177777777777779,61.38728323699422,88.57915831663327,8.071428571428573,11.73076923076923,5.030807922037095,20.758064516129032,37.4,67.03138373751783,72.85714285714286,39.54098360655738
Georgia,GEO,113,195,0,104,113,91,0.0,10805.600000000002,609.8999999999997,482.2999999999999,0.08856088560885611,0.05166051660516607,0.014760147601476018,0.46125461254612554,0.09594095940959411,0.19188191881918823,0.05535055350553507,0.04059040590405905,0.04808743169398907,0.1519125683060109,0.021857923497267756,0.08306010928961749,0.0546448087431694,0.4546448087431694,0.16612021857923498,0.019672131147540982,27.208333333333332,43.04545454545454,14.57142857142857,40.92086330935252,22.5,12.850000000000001,61.888000000000005,127.6578947368421,14.576923076923077,27.88,8.326923076923077,58.67067307692307,12.933333333333334,128.80921052631578,43.45454545454545,75.0
Germany,DEU,20497,20713,67,281,20430,20432,8356.0,32217.0,93605.5,93613.3,0.1695906432748538,0.09941520467836257,0.10526315789473684,0.49707602339181284,0.04093567251461988,0.05847953216374269,0.029239766081871343,0.0,0.22134387351778656,0.10276679841897234,0.05928853754940711,0.09090909090909091,0.07905138339920949,0.36363636363636365,0.05533596837944664,0.02766798418972332,83.6896551724138,75.85714285714286,90.29411764705883,121.15384615384616,20.666666666666668,36.13333333333333,161.71764705882353,114.52173913043478,210.85714285714286,46.1,10.5,37.26086956521739,946.0,619.8571428571429,,181.85714285714286
Ghana,GHA,365,365,0,0,365,365,0.0,0.0,11015.0,11015.0,0.004324012683770539,0.010665897953300663,0.002594407610262323,0.04987027961948688,0.012107235514557507,0.9169789564716057,0.0014413375612568463,0.002017872585759585,0.07305194805194805,0.17337662337662335,0.02922077922077922,0.16201298701298703,0.033766233766233764,0.24155844155844156,0.2275974025974026,0.059415584415584415,18.200000000000003,29.115555555555556,15.486486486486486,24.941947565543074,1.888888888888889,14.177777777777775,61.387283236994215,88.57915831663327,8.071428571428573,11.730769230769232,5.030807922037095,20.75806451612903,37.4,67.03138373751783,72.85714285714285,39.540983606557376
Greece,GRC,2947,2921,0,0,2947,2921,0.0,0.0,26216.500000000004,25915.000000000004,0.2280130293159609,0.09011943539630836,0.15200868621064062,0.24538545059717698,0.04343105320304017,0.13137893593919653,0.08469055374592833,0.0249728555917481,0.11538461538461538,0.025083612040133773,0.07357859531772573,0.41806020066889626,0.10367892976588627,0.21237458193979933,0.02341137123745819,0.028428093645484948,34.58571428571429,190.6086956521739,98.26506024096386,170.8,6.5214285714285705,19.863636363636363,190.2699115044248,119.18799999999999,190.725,130.8709677419355,66.26446280991735,196.94488188976376,260.02564102564105,710.9285714285716,402.6086956521739,1303.1764705882351
Guatemala,GTM,0,52,0,52,0,0,0.0,5720.0,0.0,0.0,0.0,0.0,0.0,0.0,0.0,0.0,0.0,0.0,0.021734755484000806,0.16663312537733954,0.019319782652445164,0.025960957939223185,0.04226202455222379,0.41859529080297847,0.22439122559871202,0.08110283759307708,,55.870370370370374,,26.705314009661837,,19.031249999999996,,121.50387596899225,,25.166666666666668,,52.23413461538461,,164.8089686098655,,91.84367245657567
Hong Kong,HKG,1006,1006,276,276,730,730,25564.2,25084.2,19712.800000000003,19712.8,0.45380278904163784,0.04671150232420136,0.00493521906834141,0.34909504500049454,0.09599446147759866,0.017851844525764018,0.016951834635545445,0.014657303926416773,0.03825741378876675,0.11447040772694116,0.039037150690444444,0.061699826445657364,0.07012601554443242,0.44158261438237284,0.1775033327464346,0.057323238674950316,14.234482608316624,83.17028270874424,43.26720304890959,43.330037354427596,116.98797595190382,36.58569587628866,275.7590730090376,179.9033836119038,21.25963321656707,32.74748923959828,26.9601108033241,18.049043062200955,45.191365227537915,141.96358225875017,148.03306342780027,277.92496709082934
Hungary,HUN,1469,1469,0,0,1469,1469,0.0,0.0,11439.2,11439.2,0.33701657458563533,0.01657458563535912,0.19060773480662982,0.01657458563535912,0.1022099447513812,0.28729281767955805,0.03038674033149171,0.019337016574585635,0.017857142857142856,0.011904761904761906,0.05952380952380953,0.5595238095238095,0.1607142857142857,0.029761904761904764,0.125,0.03571428571428571,35.704918032786885,77.66666666666667,29.999999999999996,20.0,5.521739130434782,10.899999999999999,102.16666666666664,143.71276595744683,67.45945945945945,56.370370370370374,13.317307692307692,46.599999999999994,302.6363636363636,278.4761904761905,240.42857142857142,295.33333333333337
Iceland,ISL,696,695,0,0,696,695,0.0,0.0,8354.0,8571.900000000001,0.005208333333333333,0.15625,0.06770833333333333,0.3177083333333333,0.08333333333333333,0.3125,0.015625,0.041666666666666664,0.11526479750778819,0.07165109034267914,0.03738317757009346,0.31775700934579443,0.04672897196261683,0.20560747663551404,0.12772585669781933,0.07788161993769473,30.0,91.37837837837837,51.46666666666667,51.869565217391305,164.15384615384613,15.416666666666666,219.5409836065574,146.14705882352942,41.75,56.333333333333336,12.383333333333333,34.803030303030305,203.66666666666666,256.70731707317077,500.75000000000006,352.35999999999996
India,IND,928,890,122,91,806,799,12943.4,11045.4,25741.7,25667.1,0.32781698710148455,0.058286687758578724,0.033523971769286925,0.25906546605013386,0.02494524215137503,0.1202238987588221,0.14894134825991723,0.027196398150401556,0.05198119543317663,0.17958361316319676,0.04754869039623909,0.10745466756212223,0.060846205507051714,0.29805238415043656,0.21746138347884486,0.03707186030893217,26.76707498144024,34.61498708010336,35.4446764091858,30.79506357516829,89.17059891107078,16.305084745762713,168.82855800845468,131.30375,71.25121951219512,23.938189845474614,15.547064777327934,17.941415051825146,100.93709150326798,128.87893761581222,36.66666666666667,115.20652173913044
Indonesia,IDN,1110,1109,0,0,1110,1109,0.0,0.0,29111.1,29030.1,0.12160878034874327,0.03831900033258896,0.009027414833467952,0.6275241127001473,0.034256663657528386,0.10585831709982418,0.05014966503539696,0.013256045992302939,0.018879249195176518,0.15905494625416056,0.041305178152452666,0.1107655371855732,0.05047198122987942,0.35652316254706173,0.21651115840017462,0.04648878703552136,38.35710099628834,35.36705202312139,30.437073775573467,35.78353344768439,12.294736842105264,37.39894319682959,209.63672155971983,158.4009852216749,62.33841886269071,28.14486486486486,13.362432675044882,14.984848484848484,193.5461866414022,101.63155241935483,546.4910394265233,359.4107981220657
Iran,IRN,104,104,0,0,104,104,0.0,0.0,1404.0,1404.0,0.7913872220261208,0.03176844334627603,0.004588775150017649,0.05894811154253442,0.03423932227320861,0.04376985527709142,0.002117896223085069,0.033180374161666075,0.011450381679389313,0.12022900763358779,0.033396946564885496,0.04103053435114504,0.020038167938931296,0.49427480916030536,0.26717557251908397,0.012404580152671756,15.657894736842104,34.333333333333336,11.933333333333334,18.57936507936508,5.538461538461538,14.228571428571428,48.06586826347305,98.6046511627907,18.31958762886598,18.285714285714285,3.153225806451613,35.02895752895753,9.166666666666666,106.81785714285714,315.78723404255317,257.53846153846155
Ireland,IRL,5142,5146,0,0,5142,5146,0.0,0.0,39867.0,39901.9,0.0,0.3333333333333333,0.18181818181818182,0.0,0.21212121212121213,0.06060606060606061,0.12121212121212122,0.09090909090909091,0.05825242718446602,0.11650485436893204,0.08737864077669903,0.08737864077669903,0.11650485436893204,0.39805825242718446,0.10679611650485436,0.02912621359223301,,54.833333333333336,11.090909090909092,54.0,18.166666666666668,11.777777777777779,,151.22222222222223,50.142857142857146,58.083333333333336,9.5,19.317073170731707,519.5,522.8181818181819,255.0,283.6666666666667
Israel,ISR,17,17,0,0,17,17,0.0,0.0,147.89999999999998,147.89999999999998,0.07384189530245053,0.10632581616868841,0.018969307172514858,0.4281527314174061,0.027517707400472192,0.2664658471057559,0.05772205487258813,0.021004640560123748,0.06234183570998194,0.11524402490459933,0.051897971480216916,0.2209680658766821,0.05242016469170517,0.3730467965454911,0.056919060052219334,0.06716208073910425,30.6361631753032,43.83827319587629,20.7947932618683,37.4513767863367,18.65665236051502,19.30417956656347,176.16657159155733,149.82094164697327,89.69526627218936,57.67739463601533,13.46929422548121,39.07892753311081,25.651622002820872,873.5624558927311,353.5465116279069,254.51854066985643
Italy,ITA,16476,16697,0,242,16476,16455,0.0,32652.6,98387.0,97740.30000000002,0.2280130293159609,0.09011943539630836,0.15200868621064062,0.245385450597177,0.04343105320304018,0.13137893593919653,0.08469055374592833,0.0249728555917481,0.11538461538461538,0.02508361204013378,0.07357859531772575,0.4180602006688963,0.10367892976588627,0.21237458193979933,0.023411371237458192,0.028428093645484948,34.58571428571429,190.6086956521739,98.26506024096386,170.79999999999998,6.521428571428571,19.863636363636363,190.26991150442478,119.188,190.72499999999997,130.8709677419355,66.26446280991736,196.9448818897638,260.02564102564105,710.9285714285714,402.60869565217394,1303.1764705882354
Jamaica,JAM,26,26,0,0,26,26,0.0,0.0,1045.2,1045.2,0.012731902510003638,0.01345943979628956,0.0036376864314296106,0.11458712259003274,0.010185522008002912,0.8279374317933794,0.0043652237177155325,0.013095671153146598,0.02953280077463084,0.1319293149358509,0.04526748971193416,0.01694504962478819,0.05591866376180102,0.5541031227305737,0.12127814088598401,0.04502541757443718,32.82857142857143,24.721311475409838,14.405405405405405,24.03119266055046,2.5,5.737967914438502,92.89206349206349,53.942857142857136,11.178571428571429,17.402597402597404,1.1014938488576451,12.747487986020097,35.16666666666667,98.54091816367267,2603.277777777778,242.24193548387098
Japan,JPN,972,972,157,157,815,815,21980.0,21980.0,30735.5,30735.5,0.04438322620140801,0.0900290786654423,0.07273492500765227,0.5624426078971533,0.044268441995714725,0.061830425466789095,0.09014386287113559,0.03416743189470462,0.04759548782901246,0.1205224619038195,0.06659410251335839,0.05991490203839303,0.0632297644963388,0.44552740945972685,0.14803087274886204,0.04858499901048881,30.923275862068966,88.47297297297297,42.4177645558861,38.25779967159277,34.04260915307733,22.909361069836553,197.00054421768706,141.15441783649877,98.73379429559205,15.625195618153365,17.5,10.729372570794002,160.8590831918506,259.0220588235294,153.12765957446808,216.19246435845216
Jordan,JOR,241,241,0,0,241,241,0.0,0.0,1235.2,1235.2000000000005,0.07384189530245056,0.10632581616868846,0.01896930717251486,0.42815273141740623,0.027517707400472203,0.26646584710575594,0.057722054872588135,0.02100464056012375,0.06234183570998193,0.11524402490459934,0.051897971480216916,0.22096806587668208,0.05242016469170517,0.3730467965454911,0.056919060052219334,0.06716208073910425,30.6361631753032,43.83827319587628,20.7947932618683,37.4513767863367,18.656652360515018,19.304179566563466,176.16657159155733,149.8209416469733,89.69526627218934,57.67739463601532,13.46929422548121,39.0789275331108,25.651622002820876,873.562455892731,353.546511627907,254.51854066985643
Kazakhstan,KAZ,209,209,0,0,209,209,0.0,0.0,1065.9,1065.9,0.13829787234042554,0.22340425531914893,0.031914893617021274,0.3829787234042553,0.031914893617021274,0.07446808510638298,0.031914893617021274,0.0851063829787234,0.02185338865836791,0.10982019363762102,0.05504840940525588,0.04426002766251729,0.04702627939142462,0.5861687413554634,0.11313969571230982,0.02268326417704011,29.846153846153847,58.51898734177215,10.047619047619047,30.957178841309823,1.0,6.040201005025126,84.52777777777777,97.74375,36.0,18.405882352941177,7.285714285714286,15.297310051911278,12.333333333333334,120.12713936430318,221.125,334.5
Kenya,KEN,1346,819,596,68,750,751,65197.20000000001,6740.8,26787.1,26799.8,0.0011900576096070103,0.0011900576096070103,0.0003245611662564574,0.0016768993589916963,0.0001622805831282287,0.9945365537013495,0.0001622805831282287,0.0007573093879317339,0.01948051948051948,0.14680971202710333,0.020609824957651048,0.06578204404291361,0.03359683794466403,0.3848108413325805,0.25889328063241107,0.07001693958215698,27.727272727272727,15.768115942028986,11.522727272727273,22.765384615384615,1.1666666666666665,10.493150684931505,101.74193548387098,78.49785407725322,13.166666666666666,15.084033613445378,13.844660194174757,22.47982391782832,25.333333333333332,55.20283533260633,292.53571428571433,122.22580645161293
South Korea,KOR,855,762,239,146,616,616,18937.399999999998,9314.8,29343.800000000003,29326.5,0.04438322620140803,0.09002907866544231,0.07273492500765229,0.5624426078971534,0.044268441995714725,0.06183042546678911,0.09014386287113561,0.03416743189470462,0.04759548782901246,0.1205224619038195,0.06659410251335839,0.05991490203839303,0.0632297644963388,0.44552740945972685,0.14803087274886206,0.048584999010488815,30.923275862068966,88.47297297297298,42.4177645558861,38.25779967159278,34.04260915307733,22.909361069836553,197.00054421768706,141.15441783649877,98.73379429559206,15.625195618153363,17.5,10.729372570794004,160.8590831918506,259.0220588235294,153.1276595744681,216.19246435845216
Latvia,LVA,700,700,0,0,700,700,0.0,0.0,84.0,84.0,0.4545454545454545,0.0,0.0,0.5454545454545454,0.0,0.0,0.0,0.0,0.12250712250712249,0.07692307692307691,0.07692307692307691,0.019943019943019943,0.02279202279202279,0.6438746438746439,0.014245014245014244,0.02279202279202279,38.6,26.186046511627907,,33.370370370370374,,9.592592592592593,147.16666666666666,154.42857142857142,,41.25,,17.57079646017699,,293.8,,137.625
Lebanon,LBN,157,157,0,0,157,157,0.0,0.0,1362.9000000000003,1362.9000000000003,0.07384189530245054,0.10632581616868843,0.018969307172514858,0.4281527314174062,0.0275177074004722,0.26646584710575594,0.05772205487258813,0.021004640560123748,0.062341835709981926,0.11524402490459931,0.05189797148021691,0.22096806587668205,0.052420164691705164,0.37304679654549106,0.05691906005221932,0.06716208073910424,30.6361631753032,43.83827319587628,20.794793261868303,37.4513767863367,18.65665236051502,19.304179566563466,176.16657159155736,149.82094164697327,89.69526627218934,57.67739463601532,13.469294225481208,39.0789275331108,25.651622002820876,873.5624558927311,353.54651162790697,254.51854066985646
Liberia,LBR,8,9,0,0,8,9,0.0,0.0,321.6,361.8,0.004324012683770539,0.010665897953300661,0.0025944076102623233,0.04987027961948688,0.012107235514557507,0.9169789564716057,0.0014413375612568461,0.0020178725857595845,0.07305194805194805,0.17337662337662338,0.02922077922077922,0.16201298701298703,0.033766233766233764,0.24155844155844156,0.22759740259740258,0.05941558441558441,18.2,29.115555555555556,15.486486486486488,24.94194756554307,1.8888888888888888,14.177777777777777,61.387283236994215,88.57915831663325,8.071428571428571,11.73076923076923,5.030807922037095,20.758064516129032,37.400000000000006,67.03138373751783,72.85714285714286,39.540983606557376
Lithuania,LTU,365,365,0,0,365,365,0.0,0.0,4658.5,4658.5,0.4545454545454545,0.0,0.0,0.5454545454545454,0.0,0.0,0.0,0.0,0.1225071225071225,0.07692307692307693,0.07692307692307693,0.019943019943019946,0.022792022792022793,0.6438746438746439,0.014245014245014244,0.022792022792022793,38.6,26.186046511627907,,33.37037037037037,,9.592592592592593,147.16666666666666,154.42857142857142,,41.25,,17.57079646017699,,293.8,,137.625
Luxembourg,LUX,1242,1733,0,491,1242,1242,0.0,54950.59999999999,3476.1000000000004,3476.1,0.0,0.05555555555555556,0.6666666666666667,0.05555555555555556,0.0,0.2037037037037037,0.01851851851851852,0.0,0.056603773584905655,0.16981132075471697,0.03773584905660377,0.056603773584905655,0.1320754716981132,0.43396226415094336,0.07547169811320754,0.03773584905660377,,51.333333333333336,26.999999999999996,25.666666666666664,4.75,15.5,213.0,125.00000000000001,,19.857142857142858,12.090909090909092,32.434782608695656,67.0,221.5,,93.5
Madagascar,MDG,4,0,4,0,0,0,415.6,0.0,0.0,0.0,0.03261739594450373,0.013874066168623266,0.0044690501600853786,0.08804695837780149,0.005869797225186766,0.8361125933831376,0.00993863393810032,0.009071504802561366,0.0,0.0,0.0,0.0,0.0,0.0,0.0,0.0,23.883435582822088,,12.086538461538462,,8.223880597014926,,47.13636363636364,,11.431818181818182,,6.891184682887914,,24.510067114093964,,25.551470588235293,
Malawi,MWI,2,0,2,0,0,0,206.0,0.0,0.0,0.0,0.03261739594450373,0.013874066168623266,0.0044690501600853786,0.08804695837780149,0.005869797225186766,0.8361125933831376,0.00993863393810032,0.009071504802561366,0.0,0.0,0.0,0.0,0.0,0.0,0.0,0.0,23.883435582822088,,12.086538461538462,,8.223880597014926,,47.13636363636364,,11.431818181818182,,6.891184682887914,,24.510067114093964,,25.551470588235293,
Malaysia,MYS,365,365,0,0,365,365,0.0,0.0,11323.5,11269.7,0.12160878034874331,0.03831900033258897,0.009027414833467954,0.6275241127001473,0.034256663657528386,0.10585831709982421,0.05014966503539697,0.013256045992302942,0.018879249195176515,0.15905494625416053,0.041305178152452666,0.11076553718557318,0.05047198122987941,0.35652316254706173,0.21651115840017462,0.04648878703552136,38.35710099628833,35.36705202312139,30.437073775573467,35.78353344768439,12.294736842105262,37.39894319682959,209.63672155971986,158.40098522167492,62.338418862690716,28.144864864864864,13.362432675044884,14.984848484848483,193.54618664140216,101.63155241935483,546.4910394265233,359.4107981220658
Malta,MLT,61,62,0,0,61,62,0.0,0.0,546.7000000000002,555.4000000000002,0.22801302931596093,0.09011943539630836,0.15200868621064062,0.245385450597177,0.04343105320304018,0.13137893593919653,0.08469055374592835,0.024972855591748104,0.11538461538461538,0.02508361204013378,0.07357859531772575,0.4180602006688963,0.10367892976588629,0.21237458193979933,0.023411371237458192,0.028428093645484948,34.58571428571428,190.6086956521739,98.26506024096385,170.79999999999998,6.521428571428571,19.863636363636363,190.26991150442478,119.188,190.725,130.8709677419355,66.26446280991736,196.94488188976376,260.025641025641,710.9285714285714,402.6086956521739,1303.1764705882354
Mexico,MEX,1303,1251,417,365,886,886,28643.0,23287.0,44203.7,44203.7,0.02859931673987311,0.03465104929233773,0.023035627135187895,0.32210834553440704,0.04938994631527574,0.4671547096144461,0.06793557833089311,0.007125427037579307,0.0217347554840008,0.16663312537733946,0.019319782652445154,0.02596095793922318,0.042262024552223776,0.4185952908029784,0.224391225598712,0.08110283759307707,34.33788395904436,55.870370370370374,21.481690140845068,26.705314009661837,29.330508474576273,19.031250000000004,345.049696969697,121.50387596899225,18.50395256916996,25.166666666666668,12.510029251984955,52.23413461538462,51.43390804597701,164.80896860986547,136.16438356164383,91.84367245657569
Morocco,MAR,1839,1833,0,0,1839,1833,0.0,0.0,19150.500000000004,19111.2,0.26795096322241685,0.027145359019264452,0.1129597197898424,0.16112084063047288,0.017513134851138357,0.38266199649737304,0.010507880910683012,0.02014010507880911,0.028215223097112854,0.15157480314960628,0.052493438320209966,0.1548556430446194,0.053805774278215215,0.4186351706036745,0.12007874015748031,0.02034120734908136,30.029411764705884,30.906976744186046,29.354838709677416,26.051948051948052,3.2868217054263567,8.612499999999999,286.6902173913043,255.02966101694915,20.2,41.74390243902439,8.237986270022883,52.957680250783696,67.33333333333333,335.9071038251366,632.5217391304348,513.2258064516129
Namibia,NAM,134,135,0,0,134,135,0.0,0.0,5386.799999999998,5426.999999999998,0.03261739594450373,0.013874066168623264,0.0044690501600853786,0.08804695837780148,0.0058697972251867655,0.8361125933831376,0.009938633938100318,0.009071504802561364,0.036518475750577366,0.1758083140877598,0.017609699769053116,0.18937644341801385,0.03507505773672055,0.16801385681293302,0.33775981524249427,0.03983833718244804,23.883435582822084,41.72332015810277,12.086538461538462,25.721674876847292,8.223880597014924,19.28688524590164,47.13636363636364,117.53353658536585,11.431818181818182,38.81893004115227,6.891184682887914,38.70360824742268,24.51006711409396,80.06410256410255,25.551470588235293,30.92028985507246
Nigeria,NGA,381,365,16,0,365,365,1801.6,0.0,7834.299999999999,7834.299999999999,0.00432401268377054,0.010665897953300665,0.0025944076102623237,0.04987027961948689,0.01210723551455751,0.9169789564716057,0.0014413375612568466,0.002017872585759585,0.07305194805194805,0.17337662337662335,0.02922077922077922,0.16201298701298703,0.033766233766233764,0.24155844155844156,0.2275974025974026,0.059415584415584415,18.2,29.115555555555556,15.486486486486488,24.941947565543074,1.8888888888888888,14.177777777777775,61.38728323699422,88.57915831663327,8.071428571428571,11.730769230769232,5.030807922037096,20.75806451612903,37.4,67.03138373751783,72.85714285714285,39.540983606557376
North Macedonia,MKD,81,77,0,0,81,77,0.0,0.0,943.5,907.7999999999996,0.08856088560885608,0.051660516605166046,0.014760147601476014,0.46125461254612543,0.09594095940959409,0.19188191881918817,0.055350553505535055,0.04059040590405904,0.048087431693989074,0.15191256830601094,0.02185792349726776,0.08306010928961749,0.0546448087431694,0.45464480874316937,0.16612021857923498,0.019672131147540982,27.208333333333332,43.04545454545455,14.571428571428573,40.92086330935252,22.5,12.850000000000001,61.888,127.65789473684211,14.576923076923077,27.880000000000003,8.326923076923077,58.67067307692308,12.933333333333334,128.80921052631578,43.454545454545446,75.0
Norway,NOR,9800,9815,0,14,9800,9801,0.0,1479.0,50514.2,50513.4,0.005208333333333333,0.15625,0.06770833333333333,0.3177083333333333,0.08333333333333333,0.3125,0.015625,0.041666666666666664,0.11526479750778816,0.07165109034267912,0.037383177570093455,0.3177570093457944,0.04672897196261682,0.205607476635514,0.1277258566978193,0.0778816199376947,30.0,91.37837837837839,51.46666666666667,51.86956521739131,164.15384615384613,15.416666666666668,219.5409836065574,146.1470588235294,41.75,56.33333333333333,12.383333333333333,34.803030303030305,203.66666666666666,256.70731707317077,500.75,352.35999999999996
Oman,OMN,260,260,0,0,260,260,0.0,0.0,9999.0,9999.0,0.07384189530245054,0.10632581616868843,0.018969307172514858,0.4281527314174062,0.0275177074004722,0.26646584710575594,0.05772205487258813,0.021004640560123748,0.062341835709981926,0.11524402490459933,0.05189797148021691,0.22096806587668205,0.05242016469170516,0.37304679654549106,0.05691906005221932,0.06716208073910424,30.636163175303196,43.83827319587628,20.7947932618683,37.4513767863367,18.65665236051502,19.30417956656347,176.16657159155733,149.8209416469733,89.69526627218934,57.67739463601533,13.469294225481208,39.07892753311081,25.651622002820876,873.5624558927311,353.54651162790697,254.51854066985646
Pakistan,PAK,312,312,0,0,312,312,0.0,0.0,11696.8,11696.8,0.7913872220261208,0.03176844334627603,0.004588775150017649,0.05894811154253442,0.03423932227320861,0.04376985527709142,0.002117896223085069,0.033180374161666075,0.011450381679389313,0.12022900763358779,0.033396946564885496,0.04103053435114504,0.020038167938931296,0.49427480916030536,0.26717557251908397,0.012404580152671756,15.657894736842104,34.333333333333336,11.933333333333334,18.57936507936508,5.538461538461538,14.228571428571428,48.06586826347305,98.6046511627907,18.31958762886598,18.285714285714285,3.153225806451613,35.02895752895753,9.166666666666666,106.81785714285714,315.78723404255317,257.53846153846155
Panama,PAN,367,365,0,0,367,365,0.0,0.0,13052.8,13013.6,0.028599316739873117,0.034651049292337734,0.023035627135187902,0.3221083455344071,0.049389946315275754,0.46715470961444616,0.06793557833089314,0.007125427037579309,0.021734755484000806,0.1666331253773395,0.01931978265244516,0.025960957939223185,0.04226202455222379,0.41859529080297847,0.22439122559871202,0.08110283759307707,34.33788395904437,55.87037037037037,21.481690140845068,26.705314009661837,29.33050847457627,19.03125,345.0496969696969,121.50387596899225,18.50395256916996,25.166666666666668,12.510029251984957,52.23413461538462,51.433908045977006,164.80896860986547,136.16438356164383,91.84367245657569
Peru,PER,417,365,52,0,365,365,5720.0,0.0,7476.799999999998,7476.799999999998,0.0019305592681695327,0.0005940182363598561,0.004692744067242864,0.0022572692981674535,0.000772223707267813,0.9880305325373487,0.0013365410318096765,0.0003861118536339065,0.018152480839048003,0.17749092375958048,0.03267446551028641,0.029447357805566763,0.12182331585316661,0.2501008471157725,0.3085921742638161,0.06171843485276322,37.07692307692307,42.13333333333333,10.700000000000001,28.64090909090909,1.5379746835443038,18.814814814814813,58.44736842105263,86.86301369863013,27.846153846153843,22.403973509933774,10.69443275416341,43.806451612903224,15.555555555555557,166.22091503267973,64.61538461538461,226.16993464052288
Philippines,PHL,365,365,0,0,365,365,0.0,0.0,12345.7,12372.6,0.12160878034874331,0.03831900033258897,0.009027414833467954,0.6275241127001473,0.034256663657528386,0.10585831709982421,0.05014966503539697,0.013256045992302942,0.018879249195176515,0.15905494625416053,0.041305178152452666,0.11076553718557318,0.05047198122987941,0.35652316254706173,0.21651115840017462,0.04648878703552136,38.35710099628833,35.36705202312139,30.437073775573467,35.78353344768439,12.294736842105262,37.39894319682959,209.63672155971986,158.40098522167492,62.338418862690716,28.144864864864864,13.362432675044884,14.984848484848483,193.54618664140216,101.63155241935483,546.4910394265233,359.4107981220658
Poland,POL,4699,4699,0,0,4699,4699,0.0,0.0,28190.3,28178.1,0.3370165745856353,0.016574585635359115,0.19060773480662982,0.016574585635359115,0.1022099447513812,0.287292817679558,0.030386740331491708,0.019337016574585635,0.01785714285714286,0.011904761904761904,0.05952380952380952,0.5595238095238095,0.16071428571428573,0.02976190476190476,0.125,0.03571428571428572,35.704918032786885,77.66666666666667,30.0,20.0,5.521739130434782,10.9,102.16666666666667,143.7127659574468,67.45945945945947,56.370370370370374,13.317307692307692,46.6,302.6363636363636,278.4761904761905,240.42857142857142,295.3333333333333
Portugal,PRT,5238,5232,0,0,5238,5232,0.0,0.0,42401.600000000006,42333.600000000006,0.2280130293159609,0.09011943539630836,0.1520086862106406,0.24538545059717698,0.043431053203040165,0.1313789359391965,0.08469055374592833,0.024972855591748097,0.1153846153846154,0.02508361204013378,0.07357859531772576,0.4180602006688964,0.1036789297658863,0.21237458193979936,0.023411371237458196,0.028428093645484948,34.58571428571428,190.6086956521739,98.26506024096383,170.8,6.521428571428572,19.863636363636363,190.26991150442478,119.18799999999999,190.72500000000002,130.8709677419355,66.26446280991735,196.9448818897638,260.025641025641,710.9285714285714,402.60869565217394,1303.1764705882356
Puerto Rico,PRI,436,0,436,0,0,0,47096.8,0.0,0.0,0.0,0.012731902510003636,0.013459439796289559,0.003637686431429611,0.11458712259003273,0.01018552200800291,0.8279374317933795,0.0043652237177155325,0.0130956711531466,0.0,0.0,0.0,0.0,0.0,0.0,0.0,0.0,32.82857142857143,,14.405405405405407,,2.4999999999999996,,92.8920634920635,,11.178571428571429,,1.101493848857645,,35.16666666666667,,2603.277777777778,
Qatar,QAT,730,730,365,365,365,365,39548.0,39548.0,6569.0,6569.0,0.07384189530245054,0.10632581616868844,0.01896930717251486,0.42815273141740623,0.0275177074004722,0.26646584710575594,0.057722054872588135,0.02100464056012375,0.06234183570998192,0.11524402490459931,0.05189797148021691,0.22096806587668205,0.05242016469170516,0.373046796545491,0.05691906005221932,0.06716208073910424,30.6361631753032,43.83827319587628,20.794793261868296,37.4513767863367,18.65665236051502,19.30417956656347,176.1665715915573,149.82094164697327,89.69526627218934,57.67739463601532,13.469294225481208,39.0789275331108,25.651622002820872,873.5624558927311,353.5465116279069,254.5185406698564
Romania,ROU,1659,1635,0,0,1659,1635,0.0,0.0,13502.2,13344.000000000004,0.3370165745856353,0.016574585635359112,0.1906077348066298,0.016574585635359112,0.10220994475138119,0.28729281767955794,0.030386740331491708,0.01933701657458563,0.017857142857142856,0.011904761904761904,0.05952380952380952,0.5595238095238095,0.16071428571428573,0.02976190476190476,0.125,0.03571428571428571,35.704918032786885,77.66666666666667,30.0,20.0,5.521739130434782,10.9,102.16666666666666,143.7127659574468,67.45945945945945,56.370370370370374,13.317307692307693,46.6,302.6363636363636,278.4761904761905,240.42857142857142,295.33333333333337
Russia,RUS,2354,2605,471,721,1883,1884,60720.0,95060.0,10318.9,10318.9,0.044444444444444446,0.027777777777777776,0.5277777777777778,0.016666666666666666,0.05,0.12222222222222222,0.2111111111111111,0.0,0.0016420361247947454,0.054187192118226604,0.0,0.016420361247947456,0.019704433497536946,0.6781609195402298,0.22988505747126436,0.0,11.5,92.0,22.2,30.696969696969695,257.7473684210526,,244.0,91.6,11.777777777777779,17.25,14.363636363636363,5.033898305084746,10.052631578947368,501.98571428571427,,
Rwanda,RWA,365,365,0,0,365,365,0.0,0.0,7998.8,7998.8,0.0011900576096070105,0.0011900576096070105,0.0003245611662564574,0.0016768993589916965,0.0001622805831282287,0.9945365537013496,0.0001622805831282287,0.000757309387931734,0.01948051948051948,0.14680971202710333,0.020609824957651044,0.0657820440429136,0.03359683794466403,0.3848108413325804,0.25889328063241107,0.07001693958215698,27.727272727272727,15.768115942028984,11.522727272727272,22.765384615384615,1.1666666666666667,10.493150684931507,101.74193548387098,78.49785407725322,13.166666666666668,15.084033613445378,13.844660194174757,22.479823917828323,25.333333333333332,55.20283533260632,292.53571428571433,122.2258064516129
Saudi Arabia,SAU,313,356,313,356,0,0,31471.6,35767.7,0.0,0.0,0.07384189530245056,0.10632581616868844,0.01896930717251486,0.4281527314174062,0.0275177074004722,0.26646584710575594,0.05772205487258813,0.02100464056012375,0.06234183570998192,0.11524402490459931,0.05189797148021691,0.22096806587668205,0.052420164691705164,0.37304679654549106,0.05691906005221932,0.06716208073910424,30.636163175303192,43.83827319587629,20.7947932618683,37.4513767863367,18.65665236051502,19.30417956656347,176.16657159155733,149.8209416469733,89.69526627218934,57.67739463601532,13.46929422548121,39.0789275331108,25.651622002820876,873.5624558927311,353.54651162790697,254.5185406698565
Senegal,SEN,22,23,0,0,22,23,0.0,0.0,191.39999999999992,200.0999999999999,0.004324012683770538,0.010665897953300661,0.002594407610262323,0.049870279619486875,0.012107235514557507,0.9169789564716055,0.001441337561256846,0.0020178725857595845,0.07305194805194805,0.17337662337662338,0.02922077922077922,0.162012987012987,0.033766233766233764,0.24155844155844156,0.2275974025974026,0.059415584415584415,18.2,29.11555555555556,15.486486486486486,24.94194756554307,1.8888888888888888,14.177777777777777,61.38728323699422,88.57915831663327,8.071428571428571,11.730769230769232,5.030807922037095,20.758064516129032,37.400000000000006,67.03138373751783,72.85714285714285,39.540983606557376
Serbia,SRB,730,730,0,0,730,730,0.0,0.0,2464.5,2464.5,0.08856088560885611,0.05166051660516606,0.014760147601476018,0.46125461254612554,0.09594095940959411,0.19188191881918823,0.05535055350553506,0.040590405904059046,0.048087431693989074,0.15191256830601094,0.02185792349726776,0.0830601092896175,0.054644808743169404,0.4546448087431695,0.166120218579235,0.019672131147540985,27.208333333333332,43.04545454545455,14.571428571428571,40.92086330935252,22.5,12.85,61.888000000000005,127.6578947368421,14.576923076923078,27.880000000000003,8.326923076923077,58.67067307692307,12.933333333333334,128.80921052631578,43.45454545454545,75.0
Sierra Leone,SLE,9,9,0,0,9,9,0.0,0.0,361.8,361.8,0.004324012683770539,0.010665897953300665,0.0025944076102623237,0.04987027961948688,0.012107235514557509,0.9169789564716055,0.0014413375612568463,0.002017872585759585,0.07305194805194805,0.17337662337662338,0.02922077922077922,0.16201298701298703,0.033766233766233764,0.24155844155844156,0.22759740259740258,0.05941558441558441,18.2,29.115555555555556,15.486486486486486,24.94194756554307,1.8888888888888888,14.177777777777777,61.38728323699422,88.57915831663325,8.071428571428573,11.73076923076923,5.030807922037096,20.758064516129032,37.400000000000006,67.03138373751783,72.85714285714286,39.540983606557376
Singapore,SGP,911,910,184,180,727,730,20240.0,19800.0,14717.999999999998,14776.8,0.12160878034874327,0.03831900033258896,0.009027414833467952,0.6275241127001472,0.034256663657528386,0.1058583170998242,0.050149665035396966,0.013256045992302939,0.018879249195176518,0.15905494625416053,0.041305178152452666,0.11076553718557319,0.05047198122987942,0.35652316254706173,0.21651115840017465,0.04648878703552137,38.35710099628834,35.36705202312139,30.437073775573467,35.78353344768439,12.294736842105262,37.398943196829585,209.63672155971986,158.4009852216749,62.33841886269071,28.144864864864864,13.362432675044882,14.984848484848484,193.54618664140216,101.63155241935483,546.4910394265233,359.4107981220657
Slovenia,SVN,459,459,0,0,459,459,0.0,0.0,2645.8,2645.8,0.33701657458563544,0.01657458563535912,0.19060773480662987,0.01657458563535912,0.10220994475138123,0.28729281767955805,0.03038674033149172,0.019337016574585638,0.01785714285714286,0.011904761904761906,0.05952380952380953,0.5595238095238095,0.16071428571428573,0.029761904761904764,0.125,0.03571428571428572,35.704918032786885,77.66666666666667,30.000000000000004,20.0,5.521739130434783,10.899999999999999,102.16666666666667,143.71276595744683,67.45945945945945,56.370370370370374,13.317307692307695,46.6,302.6363636363637,278.4761904761905,240.4285714285714,295.33333333333337
South Africa,ZAF,1056,886,326,156,730,730,36166.8,17160.0,23987.4,23987.4,0.03261739594450374,0.013874066168623267,0.004469050160085379,0.08804695837780152,0.005869797225186767,0.8361125933831377,0.009938633938100322,0.009071504802561367,0.03651847575057737,0.17580831408775982,0.01760969976905312,0.18937644341801385,0.03507505773672055,0.16801385681293304,0.33775981524249427,0.039838337182448044,23.883435582822088,41.723320158102766,12.086538461538462,25.721674876847295,8.223880597014926,19.28688524590164,47.13636363636363,117.53353658536587,11.431818181818182,38.818930041152264,6.891184682887915,38.70360824742268,24.51006711409396,80.06410256410257,25.551470588235297,30.92028985507246
Spain,ESP,15641,15678,0,66,15641,15612,0.0,6627.0,127121.2,126685.9,0.2280130293159609,0.09011943539630834,0.1520086862106406,0.24538545059717695,0.043431053203040165,0.1313789359391965,0.08469055374592833,0.024972855591748097,0.11538461538461538,0.02508361204013378,0.07357859531772576,0.41806020066889626,0.10367892976588629,0.2123745819397993,0.023411371237458196,0.028428093645484948,34.58571428571429,190.60869565217394,98.26506024096386,170.79999999999998,6.521428571428572,19.863636363636363,190.26991150442478,119.188,190.725,130.8709677419355,66.26446280991736,196.94488188976382,260.02564102564105,710.9285714285714,402.60869565217394,1303.1764705882354
Sudan,SDN,2,0,2,0,0,0,206.0,0.0,0.0,0.0,0.0011900576096070105,0.0011900576096070105,0.0003245611662564574,0.0016768993589916965,0.0001622805831282287,0.9945365537013496,0.0001622805831282287,0.0007573093879317339,0.0,0.0,0.0,0.0,0.0,0.0,0.0,0.0,27.72727272727273,,11.522727272727273,,1.1666666666666667,,101.74193548387098,,13.166666666666666,,13.844660194174757,,25.333333333333332,,292.53571428571433,
Suriname,SUR,498,497,0,0,498,497,0.0,0.0,14123.6,14102.3,0.0,0.0009066183136899365,0.05983680870353581,0.011786038077969175,0.0,0.927470534904805,0.0,0.0,0.009107468123861567,0.1575591985428051,0.023679417122040074,0.020947176684881604,0.026411657559198543,0.6156648451730419,0.12932604735883424,0.017304189435336976,,30.6,17.0,21.803468208092486,0.7121212121212122,19.23076923076923,42.38461538461539,76.26086956521739,,11.137931034482758,1.8631476050830889,8.965976331360947,,54.33098591549296,,39.1578947368421
Sweden,SWE,4367,4458,0,92,4367,4366,0.0,9558.8,27194.8,27183.4,0.10216110019646367,0.15913555992141457,0.049115913555992145,0.2927308447937132,0.20432220039292734,0.06777996070726917,0.11591355599214147,0.008840864440078587,0.08719346049046321,0.1226158038147139,0.04087193460490463,0.14032697547683923,0.05449591280653951,0.2452316076294278,0.2411444141689373,0.06811989100817438,41.36538461538461,79.234375,14.555555555555555,45.133333333333326,21.26,26.099999999999998,94.38926174496645,152.3980582524272,20.894230769230766,79.14999999999999,13.391304347826088,22.705555555555552,112.92372881355934,203.83050847457628,94.44444444444444,149.78
Switzerland,CHE,8915,8967,0,52,8915,8915,0.0,5200.0,49050.8,49038.100000000006,0.06451612903225806,0.10752688172043011,0.0,0.6451612903225806,0.06451612903225806,0.0,0.0967741935483871,0.021505376344086023,0.015625,0.15625,0.046875,0.109375,0.046875,0.3125,0.25,0.0625,82.5,122.0,42.5,53.8,,24.666666666666668,426.9166666666667,237.42857142857142,64.33333333333333,63.0,,9.8,776.5555555555555,215.875,220.5,287.25
Taiwan,TWN,795,798,72,72,723,726,7920.0,7920.0,18873.800000000003,18932.6,0.45380278904163784,0.04671150232420137,0.00493521906834141,0.3490950450004945,0.09599446147759864,0.017851844525764018,0.016951834635545445,0.014657303926416773,0.03825741378876675,0.11447040772694114,0.039037150690444444,0.06169982644565736,0.07012601554443242,0.44158261438237284,0.17750333274643454,0.057323238674950316,14.234482608316624,83.17028270874425,43.267203048909586,43.3300373544276,116.98797595190382,36.58569587628865,275.7590730090376,179.9033836119038,21.259633216567074,32.74748923959828,26.9601108033241,18.049043062200955,45.19136522753792,141.96358225875017,148.03306342780027,277.9249670908293
Tanzania,TZA,7,8,0,0,7,8,0.0,0.0,88.9,101.6,0.0011900576096070105,0.0011900576096070105,0.00032456116625645745,0.0016768993589916968,0.00016228058312822873,0.9945365537013496,0.00016228058312822873,0.0007573093879317339,0.019480519480519484,0.14680971202710333,0.020609824957651048,0.06578204404291361,0.03359683794466404,0.38481084133258053,0.2588932806324111,0.07001693958215698,27.727272727272723,15.768115942028986,11.522727272727272,22.76538461538462,1.1666666666666665,10.493150684931507,101.74193548387096,78.49785407725322,13.166666666666666,15.084033613445378,13.844660194174756,22.47982391782832,25.333333333333332,55.20283533260632,292.53571428571433,122.2258064516129
Thailand,THA,590,590,72,72,518,518,7920.0,7920.0,9602.0,9602.0,0.1216087803487433,0.03831900033258897,0.009027414833467954,0.6275241127001473,0.03425666365752839,0.10585831709982423,0.05014966503539697,0.013256045992302942,0.018879249195176518,0.15905494625416053,0.041305178152452666,0.11076553718557319,0.05047198122987941,0.3565231625470617,0.2165111584001746,0.04648878703552136,38.35710099628834,35.36705202312139,30.437073775573467,35.78353344768439,12.294736842105262,37.39894319682959,209.6367215597199,158.4009852216749,62.33841886269071,28.144864864864864,13.362432675044882,14.984848484848484,193.54618664140216,101.63155241935483,546.4910394265232,359.4107981220657
Tunisia,TUN,82,82,0,0,82,82,0.0,0.0,336.79999999999995,336.79999999999995,0.26795096322241674,0.02714535901926444,0.11295971978984236,0.1611208406304728,0.01751313485113835,0.3826619964973729,0.01050788091068301,0.0201401050788091,0.028215223097112857,0.15157480314960628,0.052493438320209966,0.1548556430446194,0.053805774278215215,0.4186351706036745,0.12007874015748031,0.02034120734908136,30.029411764705884,30.906976744186046,29.35483870967742,26.05194805194805,3.2868217054263567,8.6125,286.6902173913044,255.02966101694915,20.200000000000003,41.74390243902439,8.237986270022883,52.957680250783696,67.33333333333333,335.90710382513663,632.5217391304349,513.2258064516129
Turkey,TUR,5136,5229,0,101,5136,5128,0.0,6172.600000000002,56352.8,55577.50000000001,0.4255924170616114,0.08846761453396525,0.017061611374407582,0.17156398104265402,0.055924170616113746,0.1848341232227488,0.03380726698262243,0.022748815165876776,0.1289144050104384,0.13622129436325678,0.13778705636743216,0.13674321503131523,0.07411273486430063,0.10386221294363257,0.21346555323590813,0.06889352818371608,27.284335560504825,64.73684210526316,21.275,77.40996168582376,24.87037037037037,10.215909090909092,75.88029465930019,143.50381679389312,193.65536723163842,35.2112676056338,12.505982905982906,223.20603015075378,40.00934579439252,358.7872860635697,105.98611111111111,592.25
Uganda,UGA,365,365,0,0,365,365,0.0,0.0,7998.8,7998.8,0.0011900576096070105,0.0011900576096070105,0.0003245611662564574,0.0016768993589916965,0.0001622805831282287,0.9945365537013496,0.0001622805831282287,0.000757309387931734,0.01948051948051948,0.14680971202710333,0.020609824957651044,0.0657820440429136,0.03359683794466403,0.3848108413325804,0.25889328063241107,0.07001693958215698,27.727272727272727,15.768115942028984,11.522727272727272,22.765384615384615,1.1666666666666667,10.493150684931507,101.74193548387098,78.49785407725322,13.166666666666668,15.084033613445378,13.844660194174757,22.479823917828323,25.333333333333332,55.20283533260632,292.53571428571433,122.2258064516129
United Arab Emirates,ARE,2487,2772,403,687,2084,2085,46323.9,72584.20000000001,93805.19999999998,93778.0,0.07384189530245054,0.10632581616868844,0.018969307172514858,0.4281527314174062,0.027517707400472196,0.26646584710575594,0.05772205487258813,0.021004640560123748,0.06234183570998193,0.11524402490459933,0.05189797148021692,0.2209680658766821,0.05242016469170517,0.3730467965454911,0.05691906005221933,0.06716208073910425,30.636163175303196,43.83827319587629,20.7947932618683,37.4513767863367,18.65665236051502,19.304179566563466,176.16657159155736,149.82094164697327,89.69526627218934,57.67739463601533,13.46929422548121,39.07892753311081,25.651622002820872,873.5624558927311,353.54651162790697,254.51854066985646
United Kingdom,GBR,45085,44775,273,102,44812,44673,22136.400000000005,8302.8,230732.5,230205.2,0.0861344537815126,0.13445378151260504,0.037815126050420166,0.3172268907563025,0.06932773109243698,0.031512605042016806,0.03571428571428571,0.28781512605042014,0.05472636815920398,0.06218905472636816,0.01990049751243781,0.07960199004975124,0.03980099502487562,0.06716417910447761,0.0845771144278607,0.5920398009950248,59.21951219512195,79.63636363636364,34.296875,72.52,26.555555555555557,26.5,198.80794701986756,183.40625,98.21212121212122,33.9375,15.266666666666667,23.51851851851852,115.05882352941177,296.8529411764706,693.1240875912408,404.10084033613447
United States of America,USA,14147,13675,1413,943,12734,12732,133568.6,73839.39999999998,280391.5,280421.7,0.06510076191334926,0.07540237139894504,0.04823948424327127,0.37660610432352015,0.08876966773364592,0.14190072584644517,0.16128668680402147,0.04269419773680177,0.04176527022705469,0.10480758980918879,0.06909711118217673,0.10158831681057456,0.048246455601748214,0.4335358703762925,0.09071527555697687,0.11024411043598764,34.124653739612185,62.479836651352734,53.26816143497758,50.16965012205045,50.81308411214953,22.530083307621105,497.30574010893633,267.99265477439667,107.10716099542915,46.3610251878038,21.683240667196188,27.45758544381608,471.33962264150944,395.4698002350176,746.5454065469905,192.50860568555404
Zimbabwe,ZWE,156,0,156,0,0,0,17160.0,0.0,0.0,0.0,0.03261739594450374,0.013874066168623266,0.0044690501600853786,0.0880469583778015,0.005869797225186767,0.8361125933831378,0.00993863393810032,0.009071504802561367,0.0,0.0,0.0,0.0,0.0,0.0,0.0,0.0,23.883435582822084,,12.086538461538462,,8.223880597014926,,47.13636363636363,,11.43181818181818,,6.891184682887914,,24.51006711409396,,25.551470588235297,
